Item_Title,MillCreek,Scarborough
Dungeons & Dragons Essentials Kit ,NOT IN STOCK,NOT IN STOCK
Wizards Rpg Team D&d Player's Handbook ,NOT IN STOCK,NOT IN STOCK
Wizards Rpg Team Monster Manual ,NOT IN STOCK,NOT IN STOCK
Wizards Rpg Team Dungeons & Dragons Starter Set Fantasy Roleplaying Fu,NOT IN STOCK,IN STOCK
Dungeons & Dragons Dragonlance Shadow Of The Dragon Queen ,NOT IN STOCK,NOT IN STOCK
Dungeons & Dragons Spellbook Cards Paladin ,NOT IN STOCK,NOT IN STOCK
Dungeons & Dragons Xanathar's Guide To Everything ,NOT IN STOCK,NOT IN STOCK
Dungeons & Dragons Spellbook Cards Bard ,NOT IN STOCK,NOT IN STOCK
Dungeons & Dragons Tyranny Of Dragons Hoard Of The Dragon Queen Rise,NOT IN STOCK,NOT IN STOCK
Wizards Rpg Team Volo's Guide To Monsters ,NOT IN STOCK,NOT IN STOCK
Dungeons & Dragons Explorer's Guide To Wildemount ,NOT IN STOCK,NOT IN STOCK
Matt Forbeck Dungeonology ,NOT IN STOCK,NOT IN STOCK
Dungeons & Dragons Dragon Heist Waterdeep ,NOT IN STOCK,NOT IN STOCK
Dungeons & Dragons Dungeon Of The Mad Mage Waterdeep ,NOT IN STOCK,NOT IN STOCK
Dungeons & Dragons Mythic Odysseys Of Theros Campaign Setting And Adve,NOT IN STOCK,NOT IN STOCK
Wizards Rpg Team Hoard Of The Dragon Queen ,NOT IN STOCK,IN STOCK
Dungeons & Dragons Mordenkainen's Tome Of Foes ,NOT IN STOCK,NOT IN STOCK
Dungeons & Dragons Spellbook Cards Epic Monsters ,NOT IN STOCK,NOT IN STOCK
